short_name,vote_id,bill_id,fz_number,date,kind,descr,total_for,total_against,total_abstain,total_absent,ER_for,ER_against,ER_abstain,ER_absent,KPRF_for,KPRF_against,KPRF_abstain,KPRF_absent,LDPR_for,LDPR_against,LDPR_abstain,LDPR_absent,SR_for,SR_against,SR_abstain,SR_absent,NL_for,NL_against,NL_abstain,NL_absent,individual_dissidents,dissident_count,tactical_absent,tactical_absent_count,tactical_absent_count_total
sov-runet,107479,608767-7,ФЗ-90,2019-04-16 11:23:38,цифровые свободы,Суверенный Рунет,307,68,0,75,302,0,0,37,0,33,0,10,1,32,0,6,3,2,0,18,0,0,0,0,Луговой Андрей (ЛДПР: for vs maj against),1,Агаев Ваха (КПРФ); Арефьев Николай (КПРФ); Бифов Анатолий (КПРФ); Волков Юрий (ЛДПР); Гаврилов Сергей (КПРФ); Диденко Алексей (ЛДПР); Дорохин Павел (КПРФ); Катасонов Сергей (ЛДПР); Корниенко Алексей (КПРФ); Лебедев Игорь (ЛДПР); Некрасов Александр (КПРФ); Поздняков Владимир (КПРФ); Тайсаев Казбек (КПРФ); Шерин Александр (ЛДПР); Шилков Данил (ЛДПР); Ющенко Александр (КПРФ),16,53
klishas-fakes,107127,606593-7,ФЗ-31,2019-03-07 10:57:51,цифровые свободы,Пакет Клишаса (фейки),322,78,0,50,318,0,0,22,0,40,0,2,0,37,0,2,4,1,0,18,0,0,0,0,,0,Лебедев Игорь (ЛДПР); Некрасов Александр (КПРФ); Смолин Олег (КПРФ); Старовойтов Александр (ЛДПР),4,26
klishas-disrespect,107129,606594-7,ФЗ-30,2019-03-07 11:17:23,цифровые свободы,Пакет Клишаса (неуважение к власти),327,40,1,82,323,0,0,17,1,38,1,2,0,1,0,38,3,1,0,19,0,0,0,0,Савицкая Светлана (КПРФ: abstain vs maj against); Харитонов Николай (КПРФ: for vs maj against),2,Синельщиков Юрий (КПРФ); Смолин Олег (КПРФ),2,19
inoagent-fizlitsa,113228,1057914-7,ФЗ-481,2020-12-23 10:43:52,иноагенты,Иноагенты-физлица,389,1,0,60,305,0,0,30,30,0,0,12,36,1,0,3,17,0,0,6,0,0,0,0,Иванов Сергей (ЛДПР: against vs maj for),1,Афонин Юрий (КПРФ); Газзаев Валерий (СРЗП); Езерский Николай (КПРФ); Иванов Николай (КПРФ); Корниенко Алексей (КПРФ); Кравец Александр (КПРФ); Кумин Вадим (КПРФ); Курбанов Ризван (КПРФ); Куринный Алексей (КПРФ); Лебедев Игорь (ЛДПР); Маринин Сергей (ЛДПР); Моляков Игорь (СРЗП); Напсо Юрий (ЛДПР); Пантелеев Сергей (КПРФ); Плетнева Тамара (КПРФ); Ремезков Александр (СРЗП); Савицкая Светлана (КПРФ); Смолин Олег (КПРФ); Терентьев Александр (СРЗП); Тумусов Федот (СРЗП); Шеин Олег (СРЗП),21,51
it-landing,115415,1176731-7,ФЗ-236,2021-06-17 11:27:37,цифровые свободы,Приземление иностранных IT,328,1,0,121,304,0,0,31,0,0,0,43,2,1,0,37,21,0,0,2,0,0,0,0,,0,Ионин Дмитрий (СРЗП); Хованская Галина (СРЗП),2,33
army-fakes,117350,464757-7,ФЗ-32,2022-03-04 10:20:52,военные,Фейки об армии (УК 207.3),401,0,0,49,306,0,0,19,40,0,0,17,20,0,0,3,24,0,0,4,11,0,0,4,,0,Авксентьева Сардана (НЛ); Алехин Андрей (КПРФ); Алимова Ольга (КПРФ); Блоцкий Владимир (КПРФ); Гартунг Валерий (СРЗП); Горячева Ксения (НЛ); Грешневиков Анатолий (СРЗП); Езерский Николай (КПРФ); Жириновский Владимир (ЛДПР); Журавлев Алексей (ЛДПР); Иванюженков Борис (КПРФ); Калашников Леонид (КПРФ); Каргинов Сергей (ЛДПР); Кузнецов Дмитрий (СРЗП); Леонов Олег (НЛ); Мархаев Вячеслав (КПРФ); Матвеев Михаил (КПРФ); Михайлов Олег (КПРФ); Обухов Сергей (КПРФ); Пантелеев Сергей (КПРФ); Парфенов Денис (КПРФ); Певцов Дмитрий (НЛ); Прокофьев Артём (КПРФ); Рашкин Валерий (КПРФ); Ремезков Александр (СРЗП); Смолин Олег (КПРФ); Филатова Ирина (КПРФ); Шаргунов Сергей (КПРФ),28,47
inoagent-united,118599,113045-8,ФЗ-255,2022-06-29 13:32:53,иноагенты,Единый закон об иноагентах,331,5,11,103,284,0,0,41,0,4,1,51,20,0,0,3,24,0,0,4,3,0,10,2,Ткачёв Антон (НЛ: for vs maj abstain); Чемерис Роза (НЛ: for vs maj abstain); Шилкин Григорий (НЛ: for vs maj abstain),3,Авксентьева Сардана (НЛ); Белоусов Вадим (СРЗП); Гартунг Валерий (СРЗП); Кабышев Сергей (СРЗП); Луговой Андрей (ЛДПР); Певцов Дмитрий (НЛ); Свищев Дмитрий (ЛДПР); Чепа Алексей (СРЗП); Чернышов Борис (ЛДПР),9,50
digital-ruble-1,123266,270838-8,ФЗ-339,2023-07-11 16:52:41,цифровые свободы,Цифровой рубль ч.1 (банковский),385,0,1,64,293,0,0,28,48,0,1,8,14,0,0,8,19,0,0,9,11,0,0,4,Корниенко Алексей (КПРФ: abstain vs maj for),1,Авксентьева Сардана (НЛ); Алимова Ольга (КПРФ); Бабаков Александр (СРЗП); Белоусов Вадим (СРЗП); Блоцкий Владимир (КПРФ); Власов Василий (ЛДПР); Гартунг Валерий (СРЗП); Гусев Дмитрий (СРЗП); Каноков Тимур (СРЗП); Кузнецов Дмитрий (СРЗП); Куринный Алексей (КПРФ); Лисицын Анатолий (СРЗП); Михайлов Олег (КПРФ); Мусатов Иван (ЛДПР); Напсо Юрий (ЛДПР); Наумов Станислав (ЛДПР); Обухов Сергей (КПРФ); Певцов Дмитрий (НЛ); Ремезков Александр (СРЗП); Свинцов Андрей (ЛДПР); Семигин Геннадий (СРЗП); Сипягин Владимир (ЛДПР); Сухарев Иван (ЛДПР); Филатова Ирина (КПРФ); Чемерис Роза (НЛ); Чернышов Борис (ЛДПР); Шаргунов Сергей (КПРФ); Шилкин Григорий (НЛ); Щапов Михаил (КПРФ),29,57
digital-ruble-2,123339,270852-8,ФЗ-340,2023-07-13 13:17:03,цифровые свободы,Цифровой рубль ч.2 (ГК),391,0,0,59,286,0,0,35,51,0,0,6,17,0,0,5,24,0,0,4,12,0,0,3,,0,Авксентьева Сардана (НЛ); Алимова Ольга (КПРФ); Бабаков Александр (СРЗП); Белоусов Вадим (СРЗП); Блоцкий Владимир (КПРФ); Бурляев Николай (СРЗП); Власов Василий (ЛДПР); Кузнецов Дмитрий (СРЗП); Мусатов Иван (ЛДПР); Напсо Юрий (ЛДПР); Обухов Сергей (КПРФ); Певцов Дмитрий (НЛ); Селезнев Валерий (ЛДПР); Смолин Олег (КПРФ); Соболев Виктор (КПРФ); Сухарев Иван (ЛДПР); Шаргунов Сергей (КПРФ); Шилкин Григорий (НЛ),18,53
rec-algorithms,123895,387593-8,ФЗ-408,2023-07-26 13:04:53,цифровые свободы,Регулирование рекомендательных алгоритмов,346,8,1,95,298,0,0,23,0,8,0,49,17,0,1,4,18,0,0,10,13,0,0,2,Власов Василий (ЛДПР: abstain vs maj for),1,Авксентьева Сардана (НЛ); Бабаков Александр (СРЗП); Белоусов Вадим (СРЗП); Гартунг Валерий (СРЗП); Гусев Дмитрий (СРЗП); Драпеко Елена (СРЗП); Кузнецов Дмитрий (СРЗП); Миронов Сергей (СРЗП); Мусатов Иван (ЛДПР); Напсо Юрий (ЛДПР); Новичков Николай (СРЗП); Ремезков Александр (СРЗП); Свищев Дмитрий (ЛДПР); Сухарев Иван (ЛДПР); Тарбаев Сангаджи (НЛ); Чепа Алексей (СРЗП),16,39
fake-confiscation,126036,533912-8,ФЗ-11,2024-01-31 12:41:21,военные/конфискация,Конфискация имущества за фейки,377,0,0,73,284,0,0,40,48,0,0,9,21,0,0,1,22,0,0,5,2,0,0,13,,0,Бабаков Александр (СРЗП); Бабич Иван (КПРФ); Гартунг Валерий (СРЗП); Кузнецов Андрей (СРЗП); Кузнецов Дмитрий (СРЗП); Кумин Вадим (КПРФ); Марков Евгений (ЛДПР); Мархаев Вячеслав (КПРФ); Матвеев Михаил (КПРФ); Михайлов Олег (КПРФ); Тумусов Федот (СРЗП); Филатова Ирина (КПРФ); Харитонов Николай (КПРФ); Шаргунов Сергей (КПРФ); Щапов Михаил (КПРФ),15,55
deanonymization,127912,647048-8,ФЗ-303,2024-07-30 14:51:51,цифровые свободы,Деанонимизация блогеров и SIM,337,0,11,102,291,0,0,30,0,0,3,54,18,0,0,4,15,0,8,5,11,0,0,4,Ананских Игорь (СРЗП: abstain vs maj for); Грешневиков Анатолий (СРЗП: abstain vs maj for); Делягин Михаил (СРЗП: abstain vs maj for); Каноков Тимур (СРЗП: abstain vs maj for); Лантратова Яна (СРЗП: abstain vs maj for); Миронов Сергей (СРЗП: abstain vs maj for); Терентьев Александр (СРЗП: abstain vs maj for); Хованская Галина (СРЗП: abstain vs maj for),8,Арапов Георгий (НЛ); Бурляев Николай (СРЗП); Кошелев Владимир (ЛДПР); Напсо Юрий (ЛДПР); Наумов Станислав (ЛДПР); Нилов Олег (СРЗП); Ремезков Александр (СРЗП); Семигин Геннадий (СРЗП); Скрозникова Анна (НЛ); Тумусов Федот (СРЗП); Чемерис Роза (НЛ); Чернышов Борис (ЛДПР); Шилкин Григорий (НЛ),13,43
max-messenger,131111,679980-8,ФЗ-156,2025-06-10 14:56:16,цифровые свободы,Национальный мессенджер MAX,407,0,0,43,299,0,0,17,47,0,0,10,22,0,0,0,24,0,0,4,15,0,0,0,,0,Аксёненко Александр (СРЗП); Афонин Юрий (КПРФ); Гартунг Валерий (СРЗП); Калашников Леонид (КПРФ); Каноков Тимур (СРЗП); Куринный Алексей (КПРФ); Новиков Дмитрий (КПРФ); Пантелеев Сергей (КПРФ); Прокофьев Артём (КПРФ); Ремезков Александр (СРЗП); Савицкая Светлана (КПРФ); Синельщиков Юрий (КПРФ); Харитонов Николай (КПРФ); Шаргунов Сергей (КПРФ),14,31
vpn-ban,131816,755710-8,ФЗ-281,2025-07-22 14:08:28,цифровые свободы,Запрет VPN,306,67,22,55,296,0,1,19,0,51,0,6,4,0,0,17,4,3,20,1,2,12,1,0,Вассерман Анатолий (СРЗП: against vs maj abstain); Гусев Дмитрий (СРЗП: for vs maj abstain); Ким Марина (СРЗП: for vs maj abstain); Кузнецов Андрей (СРЗП: against vs maj abstain); Кузнецов Дмитрий (СРЗП: against vs maj abstain); Лантратова Яна (СРЗП: for vs maj abstain); Леонов Олег (НЛ: for vs maj against); Певцов Дмитрий (НЛ: abstain vs maj against); Попов Евгений (ЕР: abstain vs maj for); Терентьев Александр (СРЗП: for vs maj abstain); Чемерис Роза (НЛ: for vs maj against),11,Афонин Юрий (КПРФ); Бифов Анатолий (КПРФ); Кашин Владимир (КПРФ); Кочиев Роберт (КПРФ); Семигин Геннадий (СРЗП); Соболев Виктор (КПРФ); Тайсаев Казбек (КПРФ),7,26
lnr-ratification,117239,75577-8,,2022-02-22 13:29:15,военные,Ратификация Договора о ЛНР,399,0,0,51,283,0,0,42,55,0,0,2,21,0,0,2,24,0,0,4,14,0,0,1,,0,Ананских Игорь (СРЗП); Грешневиков Анатолий (СРЗП); Гулин Максим (НЛ); Драпеко Елена (СРЗП); Жириновский Владимир (ЛДПР); Каноков Тимур (СРЗП); Кумин Вадим (КПРФ); Михайлов Олег (КПРФ); Сипягин Владимир (ЛДПР),9,51
dnr-ratification,117240,75578-8,,2022-02-22 13:30:54,военные,Ратификация Договора о ДНР,400,0,0,50,283,0,0,42,56,0,0,1,21,0,0,2,24,0,0,4,14,0,0,1,,0,Ананских Игорь (СРЗП); Грешневиков Анатолий (СРЗП); Гулин Максим (НЛ); Драпеко Елена (СРЗП); Жириновский Владимир (ЛДПР); Каноков Тимур (СРЗП); Михайлов Олег (КПРФ); Сипягин Владимир (ЛДПР),8,50
annex-dnr,119237,203816-8,ФКЗ-5,2022-10-03 15:54:09,военные,Принятие ДНР в РФ (ФКЗ),413,0,0,37,300,0,0,24,52,0,0,5,23,0,0,0,25,0,0,3,12,0,0,3,,0,Арапов Георгий (НЛ); Белоусов Вадим (СРЗП); Блоцкий Владимир (КПРФ); Гартунг Валерий (СРЗП); Горячева Ксения (НЛ); Езерский Николай (КПРФ); Камнев Георгий (КПРФ); Каноков Тимур (СРЗП); Леонов Олег (НЛ); Михайлов Олег (КПРФ); Шаргунов Сергей (КПРФ),11,35
annex-lnr,119239,203817-8,ФКЗ-6,2022-10-03 15:56:14,военные,Принятие ЛНР в РФ (ФКЗ),413,0,0,37,300,0,0,24,52,0,0,5,23,0,0,0,25,0,0,3,12,0,0,3,,0,Арапов Георгий (НЛ); Белоусов Вадим (СРЗП); Блоцкий Владимир (КПРФ); Гартунг Валерий (СРЗП); Горячева Ксения (НЛ); Езерский Николай (КПРФ); Камнев Георгий (КПРФ); Каноков Тимур (СРЗП); Леонов Олег (НЛ); Михайлов Олег (КПРФ); Шаргунов Сергей (КПРФ),11,35
annex-zaporozhye,119241,203818-8,ФКЗ-7,2022-10-03 15:58:38,военные,Принятие Запорожской области в РФ (ФКЗ),410,0,0,40,299,0,0,25,50,0,0,7,23,0,0,0,25,0,0,3,12,0,0,3,,0,Арапов Георгий (НЛ); Белоусов Вадим (СРЗП); Блоцкий Владимир (КПРФ); Гартунг Валерий (СРЗП); Горячева Ксения (НЛ); Езерский Николай (КПРФ); Камнев Георгий (КПРФ); Каноков Тимур (СРЗП); Леонов Олег (НЛ); Мархаев Вячеслав (КПРФ); Матвеев Михаил (КПРФ); Михайлов Олег (КПРФ); Шаргунов Сергей (КПРФ),13,38
annex-kherson,119243,203819-8,ФКЗ-8,2022-10-03 16:00:28,военные,Принятие Херсонской области в РФ (ФКЗ),411,0,0,39,300,0,0,24,50,0,0,7,23,0,0,0,25,0,0,3,12,0,0,3,,0,Арапов Георгий (НЛ); Белоусов Вадим (СРЗП); Блоцкий Владимир (КПРФ); Гартунг Валерий (СРЗП); Горячева Ксения (НЛ); Езерский Николай (КПРФ); Камнев Георгий (КПРФ); Каноков Тимур (СРЗП); Леонов Олег (НЛ); Мархаев Вячеслав (КПРФ); Матвеев Михаил (КПРФ); Михайлов Олег (КПРФ); Шаргунов Сергей (КПРФ),13,37
mobilization-uk,119076,160006-8,ФЗ-365,2022-09-20 13:20:18,военные,Мобилизационные поправки в УК,389,0,0,61,286,0,0,38,51,0,0,6,18,0,0,5,21,0,0,7,13,0,0,2,,0,Арапов Георгий (НЛ); Белоусов Вадим (СРЗП); Блоцкий Владимир (КПРФ); Грешневиков Анатолий (СРЗП); Гусев Дмитрий (СРЗП); Каноков Тимур (СРЗП); Куринный Алексей (КПРФ); Михайлов Олег (КПРФ); Мусатов Иван (ЛДПР); Наумов Станислав (ЛДПР); Певцов Дмитрий (НЛ); Прокофьев Артём (КПРФ); Ремезков Александр (СРЗП); Савицкая Светлана (КПРФ); Семигин Геннадий (СРЗП); Сухарев Иван (ЛДПР); Тумусов Федот (СРЗП); Чернышов Борис (ЛДПР); Шайхутдинов Рифат (ЛДПР); Шаргунов Сергей (КПРФ),20,58
lgbt-propaganda,120074,217471-8,ФЗ-479,2022-11-24 11:36:23,культурные,Запрет ЛГБТ-пропаганды (информация),397,0,0,53,284,0,0,40,53,0,0,4,23,0,0,0,21,0,0,7,15,0,0,0,,0,Аксёненко Александр (СРЗП); Белоусов Вадим (СРЗП); Блоцкий Владимир (КПРФ); Бурляев Николай (СРЗП); Григорьев Юрий (СРЗП); Делягин Михаил (СРЗП); Езерский Николай (КПРФ); Терентьев Александр (СРЗП); Чепа Алексей (СРЗП); Шаргунов Сергей (КПРФ); Щапов Михаил (КПРФ),11,51
gender-transition,123408,369814-8,ФЗ-261,2023-07-14 10:19:49,культурные,Запрет смены пола,386,0,0,64,280,0,0,41,53,0,0,4,18,0,0,4,23,0,0,5,11,0,0,4,,0,Авксентьева Сардана (НЛ); Бабаков Александр (СРЗП); Белоусов Вадим (СРЗП); Блоцкий Владимир (КПРФ); Бурляев Николай (СРЗП); Власов Василий (ЛДПР); Горячева Ксения (НЛ); Кузнецов Дмитрий (СРЗП); Михайлов Олег (КПРФ); Мусатов Иван (ЛДПР); Напсо Юрий (ЛДПР); Обухов Сергей (КПРФ); Певцов Дмитрий (НЛ); Сухарев Иван (ЛДПР); Терентьев Александр (СРЗП); Шаргунов Сергей (КПРФ); Шилкин Григорий (НЛ),17,58
conscription-30,123855,312507-8,ФЗ-326,2023-07-25 14:54:28,военные,Призывной возраст до 30,335,13,28,74,298,0,0,23,37,0,4,16,0,0,0,22,0,0,23,5,0,12,1,2,Алимова Ольга (КПРФ: abstain vs maj for); Мархаев Вячеслав (КПРФ: abstain vs maj for); Матвеев Михаил (КПРФ: abstain vs maj for); Михайлов Олег (КПРФ: abstain vs maj for); Певцов Дмитрий (НЛ: abstain vs maj against),5,Авксентьева Сардана (НЛ); Алехин Андрей (КПРФ); Белоусов Вадим (СРЗП); Блоцкий Владимир (КПРФ); Гартунг Валерий (СРЗП); Глазкова Анжелика (КПРФ); Драпеко Елена (СРЗП); Езерский Николай (КПРФ); Казанков Сергей (КПРФ); Камнев Георгий (КПРФ); Корниенко Алексей (КПРФ); Куринный Алексей (КПРФ); Обухов Сергей (КПРФ); Останина Нина (КПРФ); Парфенов Денис (КПРФ); Ремезков Александр (СРЗП); Савицкая Светлана (КПРФ); Семигин Геннадий (СРЗП); Смолин Олег (КПРФ); Тарбаев Сангаджи (НЛ); Удальцова Анастасия (КПРФ); Харитонов Николай (КПРФ); Шаргунов Сергей (КПРФ),23,46
volunteer-discreditation,121229,253972-8,ФЗ-58,2023-03-14 13:21:00,военные,Дискредитация добровольцев,335,3,1,111,287,0,0,37,1,2,0,54,21,0,0,2,25,0,1,2,0,1,0,14,Гартунг Валерий (СРЗП: abstain vs maj for),1,Белоусов Вадим (СРЗП); Власов Василий (ЛДПР); Каноков Тимур (СРЗП); Пайкин Борис (ЛДПР),4,41
migrant-control,130868,859523-8,,2025-05-20 14:19:42,миграция,Цифровой контроль мигрантов,340,0,22,88,293,0,0,25,45,0,0,12,2,0,0,19,0,0,22,6,0,0,0,15,,0,Аксёненко Александр (СРЗП); Бабаков Александр (СРЗП); Бурляев Николай (СРЗП); Делягин Михаил (СРЗП); Калашников Леонид (КПРФ); Коломейцев Николай (КПРФ); Кузнецов Дмитрий (СРЗП); Лантратова Яна (СРЗП); Мархаев Вячеслав (КПРФ); Матвеев Михаил (КПРФ); Обухов Сергей (КПРФ); Парфенов Денис (КПРФ); Савицкая Светлана (КПРФ); Синельщиков Юрий (КПРФ); Удальцова Анастасия (КПРФ); Харитонов Николай (КПРФ); Шаргунов Сергей (КПРФ); Щапов Михаил (КПРФ),18,43
constitution-2020,110468,885214-7,,2020-03-11 10:47:19,электоральные,Поправки к Конституции (одобрение),383,0,43,24,323,0,0,15,0,0,43,0,38,0,0,2,20,0,0,2,0,0,0,0,,0,Иванов Сергей (ЛДПР); Лебедев Игорь (ЛДПР); Омаров Гаджимурад (СРЗП); Шеин Олег (СРЗП),4,19
electoral-reform-2022,118159,61957-8,,2022-06-08 12:30:03,электоральные,"Электоральная реформа (укрупнение, иноагенты)",318,56,24,52,305,0,0,20,0,53,0,3,0,0,0,22,1,2,24,1,12,0,0,3,Гартунг Валерий (СРЗП: against vs maj abstain); Кузнецов Дмитрий (СРЗП: against vs maj abstain); Чепа Алексей (СРЗП: for vs maj abstain),3,Бабаков Александр (СРЗП); Бифов Анатолий (КПРФ); Даванков Владислав (НЛ); Иванов Николай (КПРФ); Певцов Дмитрий (НЛ); Савицкая Светлана (КПРФ); Хамитов Амир (НЛ),7,27
